steps,episodes,iteration,avg_return
20000,20,0,-313.02678084050604
276000,276,1,-340.4147342898494
